timeStamp,elapsed,label,responseCode,responseMessage,threadName,dataType,success,failureMessage,bytes,sentBytes,grpThreads,allThreads,URL,Latency,IdleTime,Connect
1603185973221,332,HTTP Request,200,OK,Thread Group-Spike 1-10,text,true,,5719,126,43,43,https://blazedemo.com/reserve.php,330,0,50
1603185973232,331,HTTP Request,200,OK,Thread Group-Spike 1-12,text,true,,5715,126,43,43,https://blazedemo.com/reserve.php,330,0,48
1603185973138,474,HTTP Request,200,OK,Thread Group-Spike 1-2,text,true,,5715,126,47,47,https://blazedemo.com/reserve.php,467,0,38
1603185973125,487,HTTP Request,200,OK,Thread Group-Spike 1-1,text,true,,5715,126,47,47,https://blazedemo.com/reserve.php,482,0,48
1603185973157,507,HTTP Request,200,OK,Thread Group-Spike 1-4,text,true,,5715,126,50,50,https://blazedemo.com/reserve.php,493,0,40
1603185973179,487,HTTP Request,200,OK,Thread Group-Spike 1-6,text,true,,5715,126,49,49,https://blazedemo.com/reserve.php,487,0,40
1603185973147,526,HTTP Request,200,OK,Thread Group-Spike 1-3,text,true,,5715,126,49,49,https://blazedemo.com/reserve.php,520,0,38
1603185973211,510,HTTP Request,200,OK,Thread Group-Spike 1-9,text,true,,5715,126,53,53,https://blazedemo.com/reserve.php,508,0,47
1603185973189,583,HTTP Request,200,OK,Thread Group-Spike 1-7,text,true,,5715,126,57,57,https://blazedemo.com/reserve.php,578,0,36
1603185973296,502,HTTP Request,200,OK,Thread Group-Spike 1-18,text,true,,5715,126,59,59,https://blazedemo.com/reserve.php,501,0,38
1603185973199,678,HTTP Request,200,OK,Thread Group-Spike 1-8,text,true,,5715,126,66,66,https://blazedemo.com/reserve.php,675,0,51
1603185973478,400,HTTP Request,200,OK,Thread Group-Spike 1-34,text,true,,5715,126,65,65,https://blazedemo.com/reserve.php,399,0,64
1603185973497,407,HTTP Request,200,OK,Thread Group-Spike 1-38,text,true,,5715,126,66,66,https://blazedemo.com/reserve.php,407,0,65
1603185973533,396,HTTP Request,200,OK,Thread Group-Spike 1-41,text,true,,5715,126,68,68,https://blazedemo.com/reserve.php,395,0,46
1603185973263,748,HTTP Request,200,OK,Thread Group-Spike 1-15,text,true,,5715,126,75,75,https://blazedemo.com/reserve.php,742,0,39
1603185973273,820,HTTP Request,200,OK,Thread Group-Spike 1-16,text,true,,5715,126,82,82,https://blazedemo.com/reserve.php,813,0,42
1603185973317,802,HTTP Request,200,OK,Thread Group-Spike 1-20,text,true,,5715,126,83,83,https://blazedemo.com/reserve.php,795,0,36
1603185973342,799,HTTP Request,200,OK,Thread Group-Spike 1-22,text,true,,5715,126,83,83,https://blazedemo.com/reserve.php,799,0,37
1603185973362,780,HTTP Request,200,OK,Thread Group-Spike 1-24,text,true,,5715,126,82,82,https://blazedemo.com/reserve.php,778,0,37
1603185973372,835,HTTP Request,200,OK,Thread Group-Spike 1-25,text,true,,5715,126,81,81,https://blazedemo.com/reserve.php,833,0,57
1603185973375,879,HTTP Request,200,OK,Thread Group-Spike 1-26,text,true,,5715,126,80,80,https://blazedemo.com/reserve.php,879,0,47
1603185973327,929,HTTP Request,200,OK,Thread Group-Spike 1-21,text,true,,5715,126,79,79,https://blazedemo.com/reserve.php,928,0,49
1603185973477,827,HTTP Request,200,OK,Thread Group-Spike 1-36,text,true,,5715,126,78,78,https://blazedemo.com/reserve.php,827,0,59
1603185973475,853,HTTP Request,200,OK,Thread Group-Spike 1-32,text,true,,5715,126,77,77,https://blazedemo.com/reserve.php,838,0,65
1603185973427,901,HTTP Request,200,OK,Thread Group-Spike 1-31,text,true,,5715,126,77,77,https://blazedemo.com/reserve.php,886,0,100
1603185973476,867,HTTP Request,200,OK,Thread Group-Spike 1-33,text,true,,5715,126,75,75,https://blazedemo.com/reserve.php,867,0,62
1603185973402,998,HTTP Request,200,OK,Thread Group-Spike 1-28,text,true,,5715,126,74,74,https://blazedemo.com/reserve.php,987,0,71
1603185973416,1003,HTTP Request,200,OK,Thread Group-Spike 1-30,text,true,,5715,126,73,73,https://blazedemo.com/reserve.php,988,0,101
1603185973755,772,HTTP Request,200,OK,Thread Group-Spike 1-64,text,true,,5715,126,72,72,https://blazedemo.com/reserve.php,741,0,36
1603185973596,947,HTTP Request,200,OK,Thread Group-Spike 1-48,text,true,,5715,126,71,71,https://blazedemo.com/reserve.php,931,0,51
1603185974120,451,HTTP Request,200,OK,Thread Group-Spike 1-100,text,true,,5715,126,70,70,https://blazedemo.com/reserve.php,451,0,90
1603185973809,794,HTTP Request,200,OK,Thread Group-Spike 1-69,text,true,,5715,126,69,69,https://blazedemo.com/reserve.php,790,0,62
1603185973695,923,HTTP Request,200,OK,Thread Group-Spike 1-58,text,true,,5715,126,68,68,https://blazedemo.com/reserve.php,909,0,42
1603185973796,825,HTTP Request,200,OK,Thread Group-Spike 1-68,text,true,,5715,126,67,67,https://blazedemo.com/reserve.php,823,0,75
1603185973576,1047,HTTP Request,200,OK,Thread Group-Spike 1-46,text,true,,5715,126,66,66,https://blazedemo.com/reserve.php,1046,0,40
1603185973745,980,HTTP Request,200,OK,Thread Group-Spike 1-63,text,true,,5715,126,65,65,https://blazedemo.com/reserve.php,980,0,41
1603185973936,837,HTTP Request,200,OK,Thread Group-Spike 1-82,text,true,,5715,126,64,64,https://blazedemo.com/reserve.php,833,0,53
1603185973927,871,HTTP Request,200,OK,Thread Group-Spike 1-81,text,true,,5715,126,63,63,https://blazedemo.com/reserve.php,864,0,53
1603185973835,964,HTTP Request,200,OK,Thread Group-Spike 1-72,text,true,,5715,126,62,62,https://blazedemo.com/reserve.php,964,0,57
1603185973606,1194,HTTP Request,200,OK,Thread Group-Spike 1-49,text,true,,5715,126,61,61,https://blazedemo.com/reserve.php,1193,0,69
1603185973895,995,HTTP Request,200,OK,Thread Group-Spike 1-78,text,true,,5715,126,60,60,https://blazedemo.com/reserve.php,991,0,52
1603185973738,1172,HTTP Request,200,OK,Thread Group-Spike 1-62,text,true,,5715,126,59,59,https://blazedemo.com/reserve.php,1159,0,43
1603185973826,1088,HTTP Request,200,OK,Thread Group-Spike 1-71,text,true,,5715,126,58,58,https://blazedemo.com/reserve.php,1071,0,65
1603185974004,910,HTTP Request,200,OK,Thread Group-Spike 1-89,text,true,,5715,126,58,58,https://blazedemo.com/reserve.php,906,0,54
1603185973985,930,HTTP Request,200,OK,Thread Group-Spike 1-87,text,true,,5715,126,56,56,https://blazedemo.com/reserve.php,929,0,57
1603185974075,861,HTTP Request,200,OK,Thread Group-Spike 1-96,text,true,,5715,126,55,55,https://blazedemo.com/reserve.php,856,0,125
1603185974086,870,HTTP Request,200,OK,Thread Group-Spike 1-97,text,true,,5715,126,54,54,https://blazedemo.com/reserve.php,862,0,114
1603185974063,918,HTTP Request,200,OK,Thread Group-Spike 1-95,text,true,,5715,126,53,53,https://blazedemo.com/reserve.php,918,0,115
1603185974063,968,HTTP Request,200,OK,Thread Group-Spike 1-94,text,true,,5715,126,52,52,https://blazedemo.com/reserve.php,957,0,115
1603185974105,1011,HTTP Request,200,OK,Thread Group-Spike 1-99,text,true,,5715,126,51,51,https://blazedemo.com/reserve.php,1006,0,100
1603185973487,2574,HTTP Request,200,OK,Thread Group-Spike 1-37,text,true,,5715,126,50,50,https://blazedemo.com/reserve.php,2573,0,75
1603185973479,2604,HTTP Request,200,OK,Thread Group-Spike 1-35,text,true,,5715,126,49,49,https://blazedemo.com/reserve.php,2603,0,72
1603185973519,2571,HTTP Request,200,OK,Thread Group-Spike 1-40,text,true,,5715,126,48,48,https://blazedemo.com/reserve.php,2570,0,51
1603185973617,2511,HTTP Request,200,OK,Thread Group-Spike 1-50,text,true,,5715,126,47,47,https://blazedemo.com/reserve.php,2511,0,68
1603185973726,2656,HTTP Request,200,OK,Thread Group-Spike 1-61,text,true,,5715,126,46,46,https://blazedemo.com/reserve.php,2652,0,48
1603185973687,2729,HTTP Request,200,OK,Thread Group-Spike 1-57,text,true,,5715,126,45,45,https://blazedemo.com/reserve.php,2725,0,51
1603185973658,2786,HTTP Request,200,OK,Thread Group-Spike 1-54,text,true,,5715,126,44,44,https://blazedemo.com/reserve.php,2784,0,50
1603185973818,2711,HTTP Request,200,OK,Thread Group-Spike 1-70,text,true,,5715,126,43,43,https://blazedemo.com/reserve.php,2711,0,55
1603185973769,2763,HTTP Request,200,OK,Thread Group-Spike 1-65,text,true,,5715,126,42,42,https://blazedemo.com/reserve.php,2759,0,45
1603185973305,3479,HTTP Request,200,OK,Thread Group-Spike 1-19,text,true,,5715,126,41,41,https://blazedemo.com/reserve.php,3477,0,46
1603185973385,3411,HTTP Request,200,OK,Thread Group-Spike 1-27,text,true,,5715,126,40,40,https://blazedemo.com/reserve.php,3408,0,44
1603185973586,3385,HTTP Request,200,OK,Thread Group-Spike 1-47,text,true,,5715,126,39,39,https://blazedemo.com/reserve.php,3381,0,47
1603185973536,3438,HTTP Request,200,OK,Thread Group-Spike 1-42,text,true,,5715,126,38,38,https://blazedemo.com/reserve.php,3434,0,46
1603185973649,3403,HTTP Request,200,OK,Thread Group-Spike 1-53,text,true,,5715,126,37,37,https://blazedemo.com/reserve.php,3401,0,49
1603185973668,3408,HTTP Request,200,OK,Thread Group-Spike 1-55,text,true,,5715,126,36,36,https://blazedemo.com/reserve.php,3404,0,52
1603185973636,3763,HTTP Request,200,OK,Thread Group-Spike 1-52,text,true,,5715,126,35,35,https://blazedemo.com/reserve.php,3759,0,62
1603185973705,3759,HTTP Request,200,OK,Thread Group-Spike 1-59,text,true,,5715,126,34,34,https://blazedemo.com/reserve.php,3755,0,46
1603185973844,3644,HTTP Request,200,OK,Thread Group-Spike 1-73,text,true,,5715,126,33,33,https://blazedemo.com/reserve.php,3637,0,57
1603185973718,3775,HTTP Request,200,OK,Thread Group-Spike 1-60,text,true,,5715,126,32,32,https://blazedemo.com/reserve.php,3772,0,43
1603185973887,3704,HTTP Request,200,OK,Thread Group-Spike 1-77,text,true,,5715,126,31,31,https://blazedemo.com/reserve.php,3700,0,45
1603185973966,3633,HTTP Request,200,OK,Thread Group-Spike 1-85,text,true,,5715,126,30,30,https://blazedemo.com/reserve.php,3632,0,48
1603185973861,3796,HTTP Request,200,OK,Thread Group-Spike 1-74,text,true,,5715,126,29,29,https://blazedemo.com/reserve.php,3791,0,55
1603185973874,3798,HTTP Request,200,OK,Thread Group-Spike 1-76,text,true,,5715,126,28,28,https://blazedemo.com/reserve.php,3794,0,56
1603185973957,3780,HTTP Request,200,OK,Thread Group-Spike 1-84,text,true,,5715,126,27,27,https://blazedemo.com/reserve.php,3774,0,50
1603185974043,3760,HTTP Request,200,OK,Thread Group-Spike 1-93,text,true,,5715,126,26,26,https://blazedemo.com/reserve.php,3757,0,87
1603185974033,3779,HTTP Request,200,OK,Thread Group-Spike 1-92,text,true,,5715,126,25,25,https://blazedemo.com/reserve.php,3776,0,88
1603185973570,21008,HTTP Request,200,OK,Thread Group-Spike 1-45,text,true,,5715,126,24,24,https://blazedemo.com/reserve.php,20998,0,47
1603185973867,21513,HTTP Request,200,OK,Thread Group-Spike 1-75,text,true,,5715,126,23,23,https://blazedemo.com/reserve.php,21513,0,55
1603185973519,22117,HTTP Request,200,OK,Thread Group-Spike 1-39,text,true,,5715,126,22,22,https://blazedemo.com/reserve.php,22112,0,53
1603185973629,22073,HTTP Request,200,OK,Thread Group-Spike 1-51,text,true,,5715,126,21,21,https://blazedemo.com/reserve.php,22070,0,57
1603185973676,22192,HTTP Request,200,OK,Thread Group-Spike 1-56,text,true,,5715,126,20,20,https://blazedemo.com/reserve.php,22189,0,46
1603185973779,25431,HTTP Request,200,OK,Thread Group-Spike 1-66,text,true,,5715,126,19,19,https://blazedemo.com/reserve.php,25430,0,43
1603185974095,25352,HTTP Request,200,OK,Thread Group-Spike 1-98,text,true,,5715,126,18,18,https://blazedemo.com/reserve.php,25352,0,107
1603185973905,25634,HTTP Request,200,OK,Thread Group-Spike 1-79,text,true,,5715,126,17,17,https://blazedemo.com/reserve.php,25629,0,60
1603185973347,26502,HTTP Request,200,OK,Thread Group-Spike 1-23,text,true,,5715,126,16,16,https://blazedemo.com/reserve.php,26497,0,34
1603185973786,26271,HTTP Request,200,OK,Thread Group-Spike 1-67,text,true,,5715,126,15,15,https://blazedemo.com/reserve.php,26270,0,43
1603185973547,26836,HTTP Request,200,OK,Thread Group-Spike 1-43,text,true,,5715,126,14,14,https://blazedemo.com/reserve.php,26833,0,48
1603185973917,27356,HTTP Request,200,OK,Thread Group-Spike 1-80,text,true,,5715,126,13,13,https://blazedemo.com/reserve.php,27352,0,61
1603185974023,28114,HTTP Request,200,OK,Thread Group-Spike 1-91,text,true,,5715,126,12,12,https://blazedemo.com/reserve.php,28112,0,79
1603185973558,29147,HTTP Request,200,OK,Thread Group-Spike 1-44,text,true,,5715,126,11,11,https://blazedemo.com/reserve.php,29144,0,40
1603185974015,28775,HTTP Request,200,OK,Thread Group-Spike 1-90,text,true,,5715,126,10,10,https://blazedemo.com/reserve.php,28773,0,86
1603185973992,29259,HTTP Request,200,OK,Thread Group-Spike 1-88,text,true,,5715,126,9,9,https://blazedemo.com/reserve.php,29256,0,59
1603185973411,30930,HTTP Request,200,OK,Thread Group-Spike 1-29,text,true,,5715,126,8,8,https://blazedemo.com/reserve.php,30928,0,115
1603185973947,30830,HTTP Request,200,OK,Thread Group-Spike 1-83,text,true,,5715,126,7,7,https://blazedemo.com/reserve.php,30829,0,61
1603185973973,30820,HTTP Request,200,OK,Thread Group-Spike 1-86,text,true,,5715,126,6,6,https://blazedemo.com/reserve.php,30816,0,55
1603185973169,45385,HTTP Request,200,OK,Thread Group-Spike 1-5,text,true,,5715,126,5,5,https://blazedemo.com/reserve.php,45384,0,37
1603185973224,45336,HTTP Request,200,OK,Thread Group-Spike 1-11,text,true,,5715,126,4,4,https://blazedemo.com/reserve.php,45336,0,52
1603185973287,45582,HTTP Request,200,OK,Thread Group-Spike 1-17,text,true,,5715,126,3,3,https://blazedemo.com/reserve.php,45578,0,41
1603185973244,45697,HTTP Request,200,OK,Thread Group-Spike 1-13,text,true,,5715,126,2,2,https://blazedemo.com/reserve.php,45697,0,40
1603185973256,46595,HTTP Request,200,OK,Thread Group-Spike 1-14,text,true,,5715,126,1,1,https://blazedemo.com/reserve.php,46591,0,36
